Marco,Diaz,Lopez,M,21
Dante,Gomez,Cabrera,M,20
Alonso,Flores,Rodriguez,M,19
Maria,Pinzon,Palma,F,20
Marta,Juarez,Duarte,F,21
Sebartian,Camacho,Torres,M,19
Ana,Arredondo,Huerta,F,19
Cristian,Pinia,Martinez,M,20
Joana,Salazar,Sanches,F,21
Raul,Noriega,Cuevas,M,19
Amanda,Delgado,Derramadero,F,20
Wendy,Luna,Estrada,F,20
Ramon,Guizar,Padilla,M,18
Cristofer,Quintana,Chavez,M,19
Erick,Palacios,Molina,M,21
Pedro,Fuente,Alfaro,M,19
Juan,Ramirez,Diaz,M,29
Tomas,Garcia,Andrade,M,21
Daniel,Rodriguez,Torres,M,20
